<?xml version="1.0" encoding="UTF-8"?>

<!--
  JBoss, Home of Professional Open Source
  Copyright 2007, Red Hat Middleware LLC, and individual contributors
  as indicated by the @author tags. 
  See the copyright.txt in the distribution for a full listing 
  of individual contributors.
  This copyrighted material is made available to anyone wishing to use,
  modify, copy, or redistribute it subject to the terms and conditions
  of the GNU General Public License, v. 2.0.
  This program is distributed in the hope that it will be useful, but WITHOUT A 
  WARRANTY; without even the implied warranty of MERCHANTABILITY or FITNESS FOR A 
  PARTICULAR PURPOSE.  See the GNU General Public License for more details.
  You should have received a copy of the GNU General Public License,
  v. 2.0 along with this distribution; if not, write to the Free Software
  Foundation, Inc., 51 Franklin Street, Fifth Floor, Boston, 
  MA  02110-1301, USA.
  
  (C) 2007,
  @author JBoss Inc.
-->

<aop>

    <!-- Specification of Typedefs -->
    <typedef name="baPackageTypedef" expr="class(org.jboss.txbridge.ba.*)"/>

    <!-- Specification of the pointcuts -->
    <pointcut name="baServiceAnnotation" expr="execution(* *->@org.jboss.txbridge.ba.annotation.BAService(..))"/>


    <pointcut name="baCompensationManagement" expr="field(org.jboss.txbridge.ba.compensation.CompensationManager *->@org.jboss.txbridge.ba.annotation.BACompensationManagement)"/>

    <!-- BA Processing Aspect -->
    <aspect class="org.jboss.txbridge.ba.aspect.JaxWSBAProcessingAspect" scope="PER_INSTANCE"/>

    <bind pointcut="baServiceAnnotation">
        <advice name="process" aspect="org.jboss.txbridge.ba.aspect.JaxWSBAProcessingAspect"/>
    </bind>


    <bind pointcut="baCompensationManagement">
        <advice name="access" aspect="org.jboss.txbridge.ba.aspect.JaxWSBAProcessingAspect"/>
    </bind>

</aop>
