<?xml version="1.0" encoding="UTF-8"?>

<!--
  JBoss, Home of Professional Open Source
  Copyright 2007, Red Hat Middleware LLC, and individual contributors
  as indicated by the @author tags. 
  See the copyright.txt in the distribution for a full listing 
  of individual contributors.
  This copyrighted material is made available to anyone wishing to use,
  modify, copy, or redistribute it subject to the terms and conditions
  of the GNU General Public License, v. 2.0.
  This program is distributed in the hope that it will be useful, but WITHOUT A 
  WARRANTY; without even the implied warranty of MERCHANTABILITY or FITNESS FOR A 
  PARTICULAR PURPOSE.  See the GNU General Public License for more details.
  You should have received a copy of the GNU General Public License,
  v. 2.0 along with this distribution; if not, write to the Free Software
  Foundation, Inc., 51 Franklin Street, Fifth Floor, Boston, 
  MA  02110-1301, USA.
  
  (C) 2007,
  @author JBoss Inc.
-->

<application>

    <display-name>Business Activity Framework Test Application</display-name>
    <description>Business Activity Framework Test Application</description>

    <module>
        <web>
            <web-uri>ws-c.war</web-uri>
            <context-root>/xts</context-root>
        </web>
    </module>
    <module>
        <web>
            <web-uri>ws-t.war</web-uri>
            <context-root>/ws-t</context-root>
        </web>
    </module>
    <module>
        <web>
            <web-uri>wscf.war</web-uri>
            <context-root>/wscf</context-root>
        </web>
    </module>
    <module>
        <web>
            <web-uri>wstx.war</web-uri>
            <context-root>/wstx</context-root>
        </web>
    </module>

    <module>
        <ejb>hotel.jar</ejb>
    </module>

    <module>
        <java>baframework.aop</java>
    </module>

    <module>
        <web>
            <web-uri>bademo.war</web-uri>
            <context-root>/bademo</context-root>
        </web>
    </module>

</application>
